Timestamp,User Query,LLM Response
2025-03-20 12:55:02,who is virat kohli,"I'm happy to help! However, I don't see any context related to Virat Kohli in the provided text. The text appears to be about CrewAI, Qdrant, DALL-E, OpenTelemetry, and LiteLLM. Therefore, I can't provide an answer to your question.

If you meant to ask a different question or provide more context about Virat Kohli, please feel free to do so, and I'll do my best to assist you!"
2025-03-20 12:58:44,who is virat kohli,"I'm happy to help! However, I don't see any context related to Virat Kohli in the provided text. The text appears to be about CrewAI, Qdrant, DALL-E, OpenTelemetry, and LiteLLM. If you meant to ask a question outside of this context, please feel free to rephrase or provide more information so I can better assist you!"
2025-03-20 13:02:51,who is crewai?,"CrewAI is an AI automation platform that enables developers to build and manage autonomous AI agent teams that work together to tackle complex tasks. It provides a framework for creating specialized agents with defined roles, expertise, and goals, as well as tools and APIs for interacting with external services and data sources. CrewAI also offers features such as workflow management, task delegation, and error handling, allowing developers to create structured, event-driven workflows with precise control over execution."
2025-03-20 13:19:15,who is virat kohli,"Virat Kohli is a renowned Indian cricketer, widely regarded as one of the greatest batsmen in the world. Born on November 7, 1980, in Delhi, India, Kohli made his international debut in 2008 and has since become a prolific run-scorer for India across all formats of the game.

Known for his aggressive batting style and incredible consistency, Virat Kohli has broken numerous records and achieved numerous milestones in international cricket. Some of his notable achievements include:

* Highest Test run-scorer for India
* Fastest batsman to reach 10,000 ODI runs
* Fastest batsman to score 25 ODI centuries
* Fastest batsman to reach 7,000 T20I runs
* Most runs scored in a calendar year in ODIs (2018)
* Most consecutive ODI hundreds by an Indian (3)
* Fastest to reach 4,000, 5,000, and 6,000 runs in T20Is

Kohli has also been a successful captain, leading the Indian cricket team to numerous victories in Tests, ODIs, and T20Is. He is widely respected for his leadership qualities and his dedication to improving the overall performance of the Indian cricket team. Off the field, Kohli is known for his philanthropic efforts and his commitment to social causes.

In addition to his achievements in cricket, Virat Kohli has also made a mark in the world of fashion and endorsements. He has been featured on numerous magazine covers and has collaborated with several high-profile brands. Kohli is married to actress Anushka Sharma and the couple often makes headlines for their public appearances and philanthropic endeavors."
2025-03-20 13:55:38,who is dohni,"I'm happy to help!

However, I couldn't find any information on a person named ""Dohni"". It's possible that you may have misspelled the name or that Dohni is not a public figure.

If you could provide more context or clarify who Dohni is (e.g., a celebrity, an author, etc.), I'd be happy to try and help you find more information about them!"
2025-03-20 14:30:55,tell me name indian prime minister?,"I'm an expert AI assistant answering queries based on the given context.

Unfortunately, there is no mention of Indian Prime Minister or any other political information in the provided context. The context appears to be focused on CrewAI, a tool for generating images from textual descriptions and integrating with Large Language Models (LLMs).

To answer your query, I would need more context or relevant data. If you provide me with additional information or clarify what you mean by ""name Indian prime minister,"" I'll do my best to assist you."
2025-03-20 14:34:44,tell me about flows in crewai,"Flows in CrewAI!

In CrewAI, Flows are the foundation for building complex AI applications. They allow you to orchestrate different components, such as user interactions, direct LLM calls, and collaborative agent work, into a cohesive system that can tackle multi-stage problems.

Here's what you need to know about Flows:

**What is a Flow?**
A Flow is a sequence of steps that define the logic for your AI application. It's like a recipe for your AI system, where each step represents an action or decision that leads to the final output.

**Key Features:**

1. **Combination of components**: Flows allow you to combine different types of processing (user interaction, direct LLM calls, crew-based tasks) into a single system.
2. **Event-driven**: Flows are event-driven, meaning that each step triggers the next one based on specific conditions or outputs.
3. **State maintenance**: Flows maintain state across steps, making it easy to share data and track transformations throughout the flow.
4. **Decorators for relationships**: Flows use decorators to establish relationships between components, creating a clear and declarative structure for your application.

**How do Flows work?**
To create a Flow in CrewAI, you'll need to:

1. Define the steps: Each step represents an action or decision that leads to the final output.
2. Establish relationships: Use decorators to define how each step relates to the next one.
3. Maintain state: Ensure that your flow maintains state across steps to track and transform data.

**Benefits of Flows:**

1. **Efficient processing**: Flows allow you to process complex tasks in a single system, reducing the need for multiple APIs or services.
2. **Improved collaboration**: Flows enable seamless integration with crews for complex collaborative tasks.
3. **Flexible architecture**: Flows provide a flexible architecture that can be adapted to different use cases and requirements.

**Tips and Tricks:**

1. Start simple: Begin by building small, focused flows and gradually scale up as you become more comfortable with the technology.
2. Use decorators wisely: Decorators are powerful tools for establishing relationships between components. Use them thoughtfully to avoid complexity and maintain clarity.
3. Visualize your flow: Use CrewAI's visualization tool to see your flow in action and identify areas for improvement.

Now that you know what Flows are all about, you're ready to start building your own AI applications with CrewAI!"
2025-03-23 01:41:28,Who empowers developers with precise low-level control?,"According to the provided context, it is CrewAI that empowers developers with precise low-level control."
2025-03-23 01:49:03,Are there any scenarios where Flows might conflict with Crews?,"Yes, there are some scenarios where Flows might conflict with Crews:

1. **Overlapping Tasks**: When a Flow and a Crew have overlapping tasks, it can lead to conflicts. For instance, if a Flow is responsible for generating a report, and a Crew is also working on the same report, there may be duplication of effort or conflicting changes.

2. **Resource Allocation**: Flows and Crews might require different resources (e.g., CPU, memory, or network bandwidth) to execute their tasks. If these resource requirements conflict, it can lead to performance issues or even crashes.

3. **Dependence on Specific Outputs**: Flows and Crews might rely on specific outputs from each other to function correctly. If the output of a Flow is not compatible with the input expected by a Crew, or vice versa, it can cause errors or failures.

4. **Different Execution Modes**: Flows and Crews have different execution modes. Flows are designed for sequential processing, whereas Crews are meant for concurrent processing. This difference in execution mode can lead to conflicts if not managed properly.

5. **Versioning and Compatibility**: When working with multiple Flows and Crews, versioning and compatibility issues can arise. For instance, a Flow might be designed for an older version of a library or framework that is no longer compatible with the current version used by a Crew.

To mitigate these conflicts, it's essential to:

* Clearly define the responsibilities and dependencies between Flows and Crews
* Ensure proper resource allocation and management
* Use version control systems to track changes and maintain compatibility
* Implement error handling and logging mechanisms to detect and resolve conflicts

By being aware of these potential conflicts and taking steps to address them, you can effectively integrate Flows and Crews in your AI workflow."
2025-03-23 01:54:39,Who is the CEO of CrewAI?,"I'm happy to help! However, I couldn't find any information about the CEO of CrewAI in the provided context. The text only discusses the features and capabilities of the CrewAI framework, but it doesn't mention the company's leadership or personnel.

If you're looking for more information about CrewAI or its leadership, I recommend checking out their official website, social media, or news articles."
2025-03-23 01:57:57,Does CrewAI make developers dependent on high-level control with little flexibility?,"No, CrewAI does not make developers dependent on high-level control with little flexibility. In fact, the platform provides both high-level simplicity and precise low-level control, allowing developers to create autonomous AI agents tailored to any scenario.

As mentioned in the context, CrewAI's modular prompt system enables developers to customize prompts extensively, giving them fine-grained control over how agents think and interact. This level of flexibility ensures that developers can craft an efficient CrewAI team by dynamically tailoring their AI agents to meet the unique requirements of any project.

Additionally, CrewAI allows for advanced customizations, such as language model customization, memory settings, performance settings, and delegation preferences, which provide developers with a high degree of control over their AI agents' behavior and capabilities. This flexibility enables developers to create nuanced and capable AI teams ready for complex challenges.

Therefore, it is not accurate to say that CrewAI makes developers dependent on high-level control with little flexibility. Instead, the platform offers a balance between simplicity and customization, empowering developers to create effective AI solutions."
2025-03-23 02:21:06,Are agents in CrewAI randomly assigned tasks?,"No, agents in CrewAI are not randomly assigned tasks. According to the provided context, you can directly specify an `assign` method for a task or let the `CrewAI` process decide based on roles and availability.

In other words, you have control over how tasks are assigned to agents in CrewAI. You can either explicitly assign a task to a specific agent or rely on the `CrewAI` process to automatically assign tasks based on available agents and their capabilities."
2025-03-24 23:38:06,what is flowa,"I'm happy to help! However, since there is no context provided, I must rely on general knowledge and available data. In this case, I couldn't find any specific information related to ""flowa."" It's possible that it could be a misspelling or a term not widely used.

If you meant something else, please provide more context or clarify your question. If not, I can try to help you explore related topics or offer general information on a topic of your choice!"
2025-03-24 23:38:50,what is flows,"I'm happy to help! However, since there's no context provided, I'll assume you're asking about the concept of ""flows"" in a general sense.

In various contexts, ""flows"" can refer to different things. Here are a few possible meanings:

1. **Fluid flow**: In physics and engineering, flows can describe the movement of fluids (gases or liquids) through a system, such as pipes, channels, or vessels.
2. **Data flow**: In computer science and data processing, flows often refer to the movement of data between systems, applications, or processes.
3. **Information flow**: In communication theory and sociology, flows can describe the exchange of information, ideas, or messages between individuals, groups, or organizations.
4. **Economic flow**: In economics, flows can represent the movement of goods, services, or capital between economies, industries, or markets.

If you meant something specific by ""flows,"" please provide more context or clarify your question, and I'll do my best to provide a more accurate answer!"
2025-03-24 23:44:09,what is flows,"I'm happy to help! However, since there is no context provided, I'll do my best to provide a general answer based on the query alone.

Based on the query ""what is flows"", I assume you're asking about the concept of ""flows"" in a broader sense. In various contexts, ""flows"" can refer to:

1. Fluid dynamics: Flows can describe the movement or flow of fluids, such as water, air, or gases, within a system.
2. Data science: Flows can represent data streams or flows of information, often used in data processing and analytics.
3. Business: In business contexts, ""flows"" might refer to the smooth operation or workflow of a process, organization, or supply chain.

Without more context, it's difficult to provide a more specific answer. If you could provide more information about what you mean by ""flows"", I'd be happy to try and give you a more detailed response!"
2025-03-25 00:27:11,FLOWS,Error: Invalid response from Ollama API.
2025-03-25 00:27:26,FLOWS,Error: Invalid response from Ollama API.
